Domain,Status,Attractiveness,Demand,Length,Sectors,Created,Expires,Registrar
one.beer,available,132,43%,3,"Business,General,Media,Technology",,,
brief.beer,available,124,19%,5,"Business,Education,General,Law",,,
complete.beer,available,120,21%,8,"Manufacturing,Retail,Technology",,,
tenth.beer,available,116,7%,5,Mathematics,,,
equal.beer,available,116,19%,5,"Education,General,Law",,,
tonic.beer,available,114,22%,5,"Health and Fitness,Medicine,Science",,,
above.beer,available,112,22%,5,Business,,,
acute.beer,available,112,9%,5,"Mathematics,Medicine,Science",,,
hotshot.beer,available,112,14%,7,"Business,Entertainment,Sports",,,
abstract.beer,available,108,29%,8,"Arts,Humanities,Science",,,
abiding.beer,available,106,5%,7,"General,Religion",,,
expert.beer,available,104,26%,6,"Business,Education,Technology",,,
teen.beer,available,104,14%,4,"Education,Entertainment,Healthcare",,,
active.beer,available,104,27%,6,"Health and Fitness,Sports,Travel",,,
captive.beer,available,102,14%,7,"Entertainment,Hospitality,Technology",,,
remove.beer,available,100,13%,6,"Construction,Manufacturing,Technology",,,
abrupt.beer,available,100,3%,6,"Medicine,Science",,,
ninth.beer,available,100,9%,5,Mathematics,,,
third.beer,available,100,15%,5,Mathematics,,,
whiz.beer,available,100,12%,4,"Business,Education,Technology",,,
eighth.beer,available,100,6%,6,Mathematics,,,
sixth.beer,available,100,8%,5,Mathematics,,,
adjunct.beer,available,100,5%,7,Education,,,
whizz.beer,available,98,11%,5,"Business,Education,Technology",,,
forgiving.beer,available,96,3%,9,"Healthcare,Religion",,,
alamode.beer,available,96,12%,9,Fashion,,,
doable.beer,available,96,9%,6,"Business,Education,Technology",,,
academic.beer,available,96,20%,8,"Education,Humanities,Science",,,
abject.beer,available,94,7%,6,Humanities,,,
virtuoso.beer,available,94,16%,8,"Arts,Entertainment",,,
around.beer,available,94,22%,6,"Business,General,Media,Technology",,,
adequate.beer,available,94,9%,8,"Education,Healthcare,Technology",,,
about.beer,available,94,28%,5,"Business,General,Media,Technology",,,
adjective.beer,available,92,5%,9,Education,,,
adept.beer,available,92,24%,5,"Education,Health and Fitness,Sports",,,
twentieth.beer,available,92,3%,9,Mathematics,,,
exemplary.beer,available,92,5%,9,"Business,Education,Healthcare",,,
derelict.beer,available,92,7%,8,"Construction,Real Estate",,,
nought.beer,available,92,4%,6,Mathematics,,,
abroad.beer,available,92,12%,6,"Hospitality,Travel",,,
neutral.beer,available,92,20%,7,"Business,Media,Politics",,,
riveting.beer,available,90,6%,8,"Entertainment,Media,Technology",,,
adoring.beer,available,90,2%,7,"Entertainment,Fashion,Retail",,,
gripping.beer,available,90,3%,8,"Entertainment,Media,Technology",,,
endearing.beer,available,90,1%,9,"Entertainment,Fashion,Retail",,,
abortive.beer,available,90,1%,8,"Medicine,Science",,,
additional.beer,available,90,8%,10,"Fashion,Retail,Technology",,,
leash.beer,available,90,7%,5,"General,Health and Fitness,Retail",,,
addictive.beer,available,90,9%,9,Healthcare,,,
actionable.beer,available,88,13%,10,"Business,Law",,,
sixteen.beer,available,88,10%,7,Mathematics,,,
hundred.beer,available,88,13%,7,Mathematics,,,
wide.beer,available,88,18%,4,"Business,Media,Technology",,,
twelve.beer,available,88,18%,6,"General,Mathematics",,,
ten.beer,available,88,27%,3,"General,Mathematics",,,
ace.beer,available,88,34%,3,Sports,,,
proficient.beer,available,88,8%,10,"Education,Health and Fitness,Sports",,,
three.beer,available,88,23%,5,Mathematics,,,
activist.beer,available,88,12%,8,"Humanities,Politics",,,
adlib.beer,available,88,7%,6,Entertainment,,,
fifteen.beer,available,88,13%,7,Mathematics,,,
engrossing.beer,available,86,0%,10,"Entertainment,Media,Technology",,,
aboriginal.beer,available,86,10%,10,Humanities,,,
cipher.beer,available,86,29%,6,Mathematics,,,
extempore.beer,available,86,3%,9,Entertainment,,,
xix.beer,available,86,10%,3,Mathematics,,,
recondite.beer,available,86,4%,9,"Arts,Humanities,Science",,,
adolescent.beer,available,86,3%,10,"Education,Entertainment,Healthcare",,,
intent.beer,available,86,25%,6,"Business,Education,Technology",,,
attendant.beer,available,86,5%,9,"Healthcare,Hospitality,Transportation",,,
xiv.beer,available,86,12%,3,Mathematics,,,
grand.beer,available,84,25%,5,"Finance,General",,,
nineteen.beer,available,84,8%,8,Mathematics,,,
deviate.beer,available,84,12%,7,"Medicine,Science",,,
fourteen.beer,available,84,8%,8,Mathematics,,,
thirteen.beer,available,84,10%,8,Mathematics,,,
twentyone.beer,available,84,13%,10,Mathematics,,,
seventeen.beer,available,84,7%,9,Mathematics,,,
adjustable.beer,available,84,3%,10,"Manufacturing,Retail,Technology",,,
sharp.beer,available,84,34%,5,"Arts,Fashion",,,
thousand.beer,available,84,8%,8,Mathematics,,,
acting.beer,available,84,12%,6,Entertainment,,,
twentytwo.beer,available,84,10%,10,Mathematics,,,
abdominal.beer,available,82,1%,9,"Health and Fitness,Medicine",,,
abroach.beer,available,82,1%,7,Food and Beverage,,,
decade.beer,available,82,10%,6,Mathematics,,,
fivesome.beer,available,82,1%,8,Sports,,,
enduring.beer,available,82,9%,8,"Health and Fitness,Religion",,,
cleansing.beer,available,82,3%,9,Health and Fitness,,,
abkhaz.beer,available,82,1%,6,Geography,,,
impromptu.beer,available,82,16%,9,Entertainment,,,
altered.beer,available,82,9%,7,"Medicine,Science",,,
abenaki.beer,available,82,2%,7,Geography,,,
dozen.beer,available,82,10%,5,Mathematics,,,
absorbent.beer,available,82,3%,9,"Healthcare,Manufacturing,Retail",,,
some.beer,available,80,32%,4,"Business,Media,Retail",,,
worshipful.beer,available,80,1%,10,"Education,Healthcare,Religion",,,
sequent.beer,available,80,7%,7,"Healthcare,Insurance,Transportation",,,
absorbable.beer,available,80,0%,10,"Healthcare,Pharmaceuticals,Science",,,
capable.beer,available,80,12%,7,"Business,Education,Technology",,,
forty.beer,available,80,9%,5,Mathematics,,,
dorsal.beer,available,80,6%,6,"Medicine,Science",,,
absolute.beer,available,80,25%,8,"Engineering,Mathematics,Science",,,
nine.beer,available,80,24%,4,"General,Mathematics",,,
trio.beer,available,80,21%,4,Entertainment,,,
seventh.beer,available,80,10%,7,Mathematics,,,
yard.beer,available,80,25%,4,"Construction,General",,,
abundant.beer,available,80,19%,8,"Agriculture,Manufacturing,Retail",,,
twenty.beer,available,80,12%,6,Mathematics,,,
superstar.beer,available,80,18%,9,Entertainment,,,
two.beer,available,80,23%,3,Mathematics,,,
able.beer,available,80,29%,4,"Business,Education,General,Technology",,,
adoptable.beer,available,80,3%,9,"Education,Healthcare",,,
wiz.beer,available,80,30%,3,"Business,Education,Technology",,,
recognised.beer,available,78,3%,10,"Business,Education,Technology",,,
abounding.beer,available,78,2%,9,Agriculture,,,
recognized.beer,available,78,3%,10,"Business,Education,Technology",,,
abkhasian.beer,available,78,1%,9,Geography,,,
accidental.beer,available,78,11%,10,"Healthcare,Insurance,Transportation",,,
abkhazian.beer,available,78,1%,9,Geography,,,
sixtynine.beer,available,78,8%,10,Mathematics,,,
adorable.beer,available,78,8%,8,"Entertainment,Fashion,Retail",,,
accurate.beer,available,78,16%,8,"Engineering,Mathematics,Science",,,
adjacent.beer,available,78,9%,8,"Construction,Real Estate,Retail",,,
honestly.beer,available,78,9%,8,"Business,Law",,,
accessible.beer,available,78,21%,10,"Healthcare,Retail,Technology",,,
absorptive.beer,available,78,1%,10,"Healthcare,Manufacturing,Retail",,,
acceptant.beer,available,78,1%,9,"Education,Healthcare",,,
dormant.beer,available,78,4%,7,"Medicine,Science",,,
accepted.beer,available,78,6%,8,"Business,Education,Technology",,,
twentysix.beer,available,78,8%,10,Mathematics,,,
acceptable.beer,available,78,5%,10,"Business,Hospitality,Retail",,,
firstrate.beer,available,76,6%,10,Business,,,
obscene.beer,available,76,5%,7,"Entertainment,Media",,,
ague.beer,available,76,2%,4,"Geography,Medicine,Science",,,
thousandth.beer,available,76,1%,10,Mathematics,,,
ancillary.beer,available,76,6%,9,"Healthcare,Manufacturing,Technology",,,
adipose.beer,available,76,2%,7,"Healthcare,Science",,,
adaptive.beer,available,76,28%,8,"Business,Education,Technology",,,
fifteenth.beer,available,76,2%,9,Mathematics,,,
nineteenth.beer,available,76,3%,10,Mathematics,,,
adherent.beer,available,76,4%,8,"Politics,Religion",,,
fourteenth.beer,available,76,2%,10,Mathematics,,,
addable.beer,available,76,2%,7,"Engineering,Mathematics,Science",,,
auxiliary.beer,available,76,7%,9,"Healthcare,Manufacturing,Technology",,,
ventral.beer,available,76,3%,7,Science,,,
resultant.beer,available,76,2%,9,"Healthcare,Insurance,Transportation",,,
energizing.beer,available,76,3%,10,"Food and Beverage,Health and Fitness,Travel",,,
threed.beer,available,76,7%,7,Technology,,,
adhesive.beer,available,76,7%,8,"Construction,Manufacturing,Technology",,,
acoustic.beer,available,76,14%,8,Science,,,
eighteen.beer,available,76,7%,8,Mathematics,,,
improvise.beer,available,76,4%,9,Entertainment,,,
abrasive.beer,available,76,6%,8,"Construction,Manufacturing",,,
incidental.beer,available,76,4%,10,"Healthcare,Insurance,Transportation",,,
hundredth.beer,available,76,1%,9,Mathematics,,,
thirteenth.beer,available,76,3%,10,Mathematics,,,
adaptable.beer,available,76,9%,9,"Business,Education,Technology",,,
activated.beer,available,74,9%,9,"Healthcare,Manufacturing,Technology",,,
supra.beer,available,74,25%,5,"Medicine,Science",,,
sensation.beer,available,74,7%,9,"Entertainment,Media,Sports",,,
single.beer,available,74,19%,6,Sports,,,
adapted.beer,available,74,6%,7,"Healthcare,Manufacturing,Technology",,,
adamant.beer,available,74,14%,7,Religion,,,
admirable.beer,available,74,5%,9,"Business,Education,Healthcare",,,
broad.beer,available,74,13%,5,"Entertainment,General,Media",,,
realizable.beer,available,74,1%,10,"Business,Education,Technology",,,
achievable.beer,available,74,4%,10,"Business,Education,Technology",,,
adenoid.beer,available,74,1%,7,"Health and Fitness,Medicine,Science",,,
acuate.beer,available,74,2%,6,"Engineering,Medicine,Science",,,
skilful.beer,available,74,3%,7,"Education,Health and Fitness,Sports",,,
accepting.beer,available,74,3%,9,"Education,Healthcare",,,
manageable.beer,available,74,4%,10,"Business,Education,Technology",,,
cleared.beer,available,74,7%,7,"Healthcare,Law,Transportation",,,
adrenergic.beer,available,74,1%,10,"Education,Healthcare,Science",,,
aberrant.beer,available,74,6%,8,"Medicine,Science",,,
playing.beer,available,74,12%,7,Entertainment,,,
mavin.beer,available,74,7%,5,"Entertainment,Fashion,Technology",,,
ablaze.beer,available,72,6%,6,Entertainment,,,
adjectival.beer,available,72,1%,10,Education,,,
adaptative.beer,available,72,1%,10,"Business,Education,Technology",,,
trinity.beer,available,72,18%,7,Religion,,,
existent.beer,available,72,3%,8,"Mathematics,Science",,,
engrossed.beer,available,72,1%,9,"Entertainment,Media,Technology",,,
ninetieth.beer,available,72,1%,9,Mathematics,,,
accustomed.beer,available,72,1%,10,"Business,Education,Humanities",,,
abreast.beer,available,72,2%,7,"Business,Technology",,,
accusative.beer,available,72,0%,10,"Humanities,Law",,,
sixtieth.beer,available,72,1%,8,Mathematics,,,
eightieth.beer,available,72,1%,9,Mathematics,,,
ternary.beer,available,72,7%,7,Mathematics,,,
adjunctive.beer,available,72,1%,10,"Healthcare,Manufacturing,Technology",,,
absorbed.beer,available,72,2%,8,"Entertainment,Media,Technology",,,
addicted.beer,available,72,9%,8,Healthcare,,,
liv.beer,resell,72,28%,3,Mathematics,03/07/2022 07:56,03/07/2026 07:56,"GoDaddy.com, LLC"
adiabatic.beer,available,72,3%,9,"Engineering,Science",,,
adonic.beer,available,72,2%,6,"Arts,Education,Entertainment",,,
champion.beer,available,72,28%,8,"Entertainment,Health and Fitness,Sports",,,
improvize.beer,available,72,1%,9,Entertainment,,,
seventieth.beer,available,72,1%,10,Mathematics,,,
absolutist.beer,available,72,1%,10,"Humanities,Law,Politics",,,
trey.beer,available,72,13%,4,Sports,,,
skillful.beer,available,70,9%,8,"Education,Health and Fitness,Sports",,,
accumbent.beer,available,70,1%,9,"Healthcare,Medicine,Science",,,
recumbent.beer,available,70,2%,9,"Healthcare,Medicine,Science",,,
admired.beer,available,70,5%,7,"Business,Education,Healthcare",,,
adored.beer,available,70,6%,6,"Entertainment,Fashion,Retail",,,
acuminate.beer,available,70,1%,9,"Engineering,Medicine,Science",,,
tiptop.beer,available,70,24%,6,Fashion,,,
offhand.beer,available,70,2%,7,Entertainment,,,
adamantine.beer,available,70,4%,10,Religion,,,
practiced.beer,available,70,3%,9,"Education,Health and Fitness,Sports",,,
miserable.beer,available,70,4%,9,Humanities,,,
stillborn.beer,available,70,2%,9,"Medicine,Science",,,
consequent.beer,available,70,3%,10,"Business,Education,General,Technology",,,
abradant.beer,available,70,1%,8,"Construction,Manufacturing",,,
absorbing.beer,available,70,3%,9,"Entertainment,Media,Technology",,,
unity.beer,available,70,38%,5,Mathematics,,,
abulic.beer,available,70,1%,6,Medicine,,,
adjusted.beer,available,70,5%,8,"Manufacturing,Retail,Technology",,,
gymnastic.beer,available,70,3%,9,"Entertainment,Sports",,,
scurvy.beer,available,68,3%,6,Humanities,,,
aculeate.beer,available,68,1%,8,"Engineering,Medicine,Science",,,
disciple.beer,available,68,14%,8,"Education,Religion",,,
sevener.beer,available,68,1%,7,Mathematics,,,
licenced.beer,available,68,2%,8,"Business,Healthcare,Insurance",,,
fiftieth.beer,available,68,1%,8,Mathematics,,,
acerate.beer,available,68,1%,7,Science,,,
aroused.beer,available,68,3%,7,"Entertainment,Health and Fitness",,,
achaean.beer,available,68,2%,7,Humanities,,,
stygian.beer,available,68,5%,7,Humanities,,,
ennead.beer,available,68,5%,6,Mathematics,,,
fortieth.beer,available,68,1%,8,Mathematics,,,
abducent.beer,available,68,0%,8,Medicine,,,
foursome.beer,available,68,4%,8,Sports,,,
accredited.beer,available,68,9%,10,"Business,Education,Healthcare",,,
activating.beer,available,68,3%,10,"Healthcare,Manufacturing,Technology",,,
vindicated.beer,available,68,2%,10,"Humanities,Law,Politics",,,
octonary.beer,available,68,1%,8,Mathematics,,,
licensed.beer,available,68,5%,8,"Business,Healthcare,Insurance",,,
overseas.beer,available,68,12%,8,"Hospitality,Travel",,,
septenary.beer,available,68,2%,9,Mathematics,,,
ablative.beer,available,68,3%,8,Science,,,
decorated.beer,available,68,3%,9,"Entertainment,Fashion,Retail",,,
ane.beer,available,68,12%,3,Mathematics,,,
aberdonian.beer,available,68,1%,10,Geography,,,
threesome.beer,available,68,5%,9,Entertainment,,,
abkhas.beer,available,68,0%,6,Geography,,,
thirtieth.beer,available,68,1%,9,Mathematics,,,
achaian.beer,available,68,2%,7,Humanities,,,
onec.beer,available,66,6%,5,Mathematics,,,
thirty.beer,available,66,7%,6,Mathematics,,,
xxi.beer,available,66,10%,3,Mathematics,,,
buzzing.beer,available,66,7%,7,"Entertainment,Media,Technology",,,
acappella.beer,available,66,6%,10,Entertainment,,,
xxv.beer,available,66,6%,3,Mathematics,,,
teenager.beer,available,66,4%,8,"Education,Entertainment,Healthcare",,,
modish.beer,available,66,5%,6,Fashion,,,
xxvi.beer,available,66,3%,4,Mathematics,,,
adorned.beer,available,66,5%,7,"Entertainment,Fashion,Retail",,,
fifty.beer,available,66,13%,5,Mathematics,,,
acrobatic.beer,available,66,4%,9,"Entertainment,Sports",,,
adopted.beer,available,66,4%,7,"Education,Healthcare",,,
six.beer,available,66,26%,3,Mathematics,,,
deuce.beer,available,66,8%,5,Sports,,,
xxii.beer,available,66,6%,4,Mathematics,,,
accessary.beer,available,66,1%,9,"Business,Law,Technology",,,
sextet.beer,available,66,2%,6,Entertainment,,,
century.beer,available,66,17%,7,Education,,,
abstinent.beer,available,66,1%,9,"Health and Fitness,Religion",,,
xvi.beer,available,66,4%,3,Mathematics,,,
ninety.beer,available,66,11%,6,Mathematics,,,
according.beer,available,66,3%,9,"Business,Education,Technology",,,
clv.beer,available,66,10%,3,Mathematics,,,
acervate.beer,available,66,1%,8,Science,,,
xviii.beer,available,66,4%,5,Mathematics,,,
eighty.beer,available,66,6%,6,Mathematics,,,
xii.beer,available,66,10%,3,Mathematics,,,
tenner.beer,available,66,4%,6,Finance,,,
xiii.beer,available,66,9%,4,Mathematics,,,
performing.beer,available,66,6%,10,Entertainment,,,
xvii.beer,available,66,5%,4,Mathematics,,,
exonerated.beer,available,66,2%,10,"Humanities,Law,Politics",,,
ccc.beer,available,64,38%,3,Mathematics,,,
deviant.beer,available,64,12%,7,"Medicine,Science",,,
rising.beer,available,64,18%,6,"Construction,Manufacturing,Real Estate",,,
absolved.beer,available,64,1%,8,"Humanities,Law,Religion",,,
adagio.beer,available,64,14%,6,Entertainment,,,
accordant.beer,available,64,3%,9,"Arts,Entertainment",,,
nondrinker.beer,available,64,1%,10,"Health and Fitness,Religion",,,
scatty.beer,available,64,1%,6,"Arts,Entertainment,Media",,,
astringent.beer,available,64,1%,10,"Healthcare,Pharmaceuticals",,,
acentric.beer,available,64,2%,8,Science,,,
admissible.beer,available,62,1%,10,"Education,Healthcare,Law",,,
cumulative.beer,available,62,2%,10,"Banking,Finance,Insurance",,,
aufait.beer,available,62,3%,7,"Fashion,Media",,,
nail.beer,available,62,16%,4,"Construction,Fashion,General,Retail",,,
accusing.beer,available,62,1%,8,Law,,,
activation.beer,available,62,16%,10,"Healthcare,Manufacturing,Technology",,,
accrued.beer,available,62,2%,7,"Banking,Finance,Insurance",,,
chiliad.beer,available,62,2%,7,Mathematics,,,
playacting.beer,available,62,1%,10,Entertainment,,,
eighteenth.beer,available,62,1%,10,Mathematics,,,
longdozen.beer,available,62,1%,10,Mathematics,,,
wrapped.beer,available,62,13%,7,"Fashion,Hospitality,Retail",,,
acidic.beer,available,62,5%,6,"Food and Beverage,Science",,,
roughly.beer,available,62,3%,7,"Business,Media,Technology",,,
abo.beer,available,62,15%,3,Science,,,
sixteenth.beer,available,62,1%,9,Mathematics,,,
ensuant.beer,available,62,1%,7,"Healthcare,Insurance,Transportation",,,
quartet.beer,available,62,7%,7,"Arts,Entertainment",,,
fortyfour.beer,available,62,6%,10,Mathematics,,,
activistic.beer,available,62,1%,10,"Humanities,Politics",,,
adjuvant.beer,available,62,5%,8,"Healthcare,Manufacturing,Technology",,,
adoptive.beer,available,62,1%,8,"Education,Healthcare",,,
troika.beer,available,62,8%,6,Politics,,,
eleventh.beer,available,62,5%,8,Mathematics,,,
aborigine.beer,available,62,1%,9,Humanities,,,
exculpated.beer,available,62,1%,10,"Humanities,Law,Politics",,,
twodozen.beer,available,62,1%,9,Mathematics,,,
orso.beer,available,62,9%,5,"Business,Media,Technology",,,
pungent.beer,available,62,1%,7,Food and Beverage,,,
abstainer.beer,available,60,0%,9,"Health and Fitness,Religion",,,
clxxv.beer,available,60,1%,5,Mathematics,,,
paunchy.beer,available,60,0%,7,"Health and Fitness,Medicine",,,
clxx.beer,available,60,2%,4,Mathematics,,,
adnate.beer,available,60,1%,6,"Agriculture,Manufacturing,Retail",,,
xcl.beer,available,60,5%,3,Mathematics,,,
cxv.beer,available,60,4%,3,Mathematics,,,
sixty.beer,available,60,13%,5,Mathematics,,,
cxxx.beer,available,60,3%,4,Mathematics,,,
cxxxv.beer,available,60,1%,5,Mathematics,,,
aboveboard.beer,available,60,5%,10,"Business,Law",,,
octet.beer,available,60,12%,5,Arts,,,
cxl.beer,available,60,7%,3,Mathematics,,,
cautionary.beer,available,60,1%,10,"Business,Education,Healthcare",,,
acceptive.beer,available,60,1%,9,"Education,Healthcare",,,
annexal.beer,available,60,1%,7,"Agriculture,Manufacturing,Retail",,,
clxv.beer,available,60,1%,4,Mathematics,,,
idolised.beer,available,60,1%,8,"Entertainment,Fashion,Retail",,,
adnexal.beer,available,60,1%,7,"Agriculture,Manufacturing,Retail",,,
clxxx.beer,available,60,1%,5,Mathematics,,,
clx.beer,available,60,8%,3,Mathematics,,,
cxx.beer,available,60,9%,3,Mathematics,,,
thou.beer,available,60,7%,4,Mathematics,,,
cxxv.beer,available,60,1%,4,Mathematics,,,
cxlv.beer,available,60,2%,4,Mathematics,,,
abstemious.beer,available,60,0%,10,"Food and Beverage,Health and Fitness,Hospitality",,,
idolized.beer,available,60,3%,8,"Entertainment,Fashion,Retail",,,
tertiary.beer,available,60,4%,8,Education,,,
eightysix.beer,available,60,7%,10,Mathematics,,,
abashed.beer,available,60,1%,7,Humanities,,,
tercet.beer,available,59,2%,6,"Arts,Entertainment,Media",,,
aucourant.beer,available,58,3%,10,"Fashion,Media",,,
hexad.beer,available,58,5%,5,Mathematics,,,
heptad.beer,available,58,2%,6,Mathematics,,,
tetrad.beer,available,58,5%,6,Mathematics,,,
lxxviii.beer,available,58,1%,7,Mathematics,,,
closeto.beer,available,58,3%,8,"Business,Media,Technology",,,
seventy.beer,available,58,7%,7,Mathematics,,,
sixer.beer,available,58,5%,5,Sports,,,
acyclic.beer,available,58,4%,7,"Engineering,Mathematics,Science",,,
acetic.beer,available,58,1%,6,"Food and Beverage,Science",,,
accented.beer,available,58,3%,8,"Arts,Entertainment",,,
enwrapped.beer,available,58,0%,9,"Entertainment,Fashion,Media",,,
adient.beer,available,58,4%,6,"Medicine,Science",,,
seven.beer,available,58,35%,5,Mathematics,,,
fifth.beer,available,58,12%,5,Mathematics,,,
sixtyone.beer,available,58,5%,9,Mathematics,,,
super.beer,available,58,47%,5,Business,,,
offhanded.beer,available,58,1%,9,Entertainment,,,
lxxx.beer,available,58,2%,4,Mathematics,,,
sextuplet.beer,available,58,1%,9,Healthcare,,,
justabout.beer,available,58,3%,10,"Business,Media,Technology",,,
adhoc.beer,available,58,24%,6,"Business,Engineering,Technology",,,
fourth.beer,available,58,13%,6,Mathematics,,,
alacarte.beer,available,58,11%,10,Food and Beverage,,,
addressed.beer,available,58,3%,9,"Business,Technology,Telecommunications",,,
niner.beer,available,58,5%,5,Mathematics,,,
accoutred.beer,available,58,1%,9,"Fashion,Manufacturing,Retail",,,
pentad.beer,available,58,3%,6,Mathematics,,,
cypher.beer,available,58,28%,6,Mathematics,,,
centesimal.beer,available,58,1%,10,Mathematics,,,
accretive.beer,available,58,6%,9,"Banking,Finance,Insurance",,,
abridged.beer,available,58,4%,8,Media,,,
abuzz.beer,available,58,5%,5,"Entertainment,Media,Technology",,,
ache.beer,available,58,7%,4,Healthcare,,,
abandoned.beer,available,58,10%,9,"Construction,Real Estate",,,
addible.beer,available,58,2%,7,"Engineering,Mathematics,Science",,,
octad.beer,available,58,5%,5,Mathematics,,,
quintet.beer,available,58,8%,7,"Arts,Entertainment",,,
twelfth.beer,available,58,2%,7,Mathematics,,,
eighter.beer,available,58,2%,7,Mathematics,,,
actuarial.beer,available,58,8%,9,"Finance,Insurance,Mathematics",,,
adjustive.beer,available,58,1%,9,"Manufacturing,Retail,Technology",,,
fiftyone.beer,available,56,8%,9,Mathematics,,,
lvii.beer,available,56,2%,4,Mathematics,,,
fiftysix.beer,available,56,4%,9,Mathematics,,,
xxix.beer,available,56,4%,4,Mathematics,,,
admittable.beer,available,56,1%,10,"Education,Healthcare,Hospitality",,,
thirtyone.beer,available,56,4%,10,Mathematics,,,
lvi.beer,available,56,8%,3,Mathematics,,,
xxxii.beer,available,56,1%,5,Mathematics,,,
xxxv.beer,available,56,4%,4,Mathematics,,,
xxiii.beer,available,56,4%,5,Mathematics,,,
xlii.beer,available,56,5%,4,Mathematics,,,
xxxviii.beer,available,56,1%,7,Mathematics,,,
fortynine.beer,available,56,3%,10,Mathematics,,,
maledict.beer,available,56,1%,8,Religion,,,
fiftyfive.beer,available,56,8%,10,Mathematics,,,
aone.beer,available,56,15%,5,Food and Beverage,,,
xxxiv.beer,available,56,1%,5,Mathematics,,,
fiftytwo.beer,available,56,6%,9,Mathematics,,,
potbellied.beer,available,56,0%,10,"Health and Fitness,Medicine",,,
lviii.beer,available,56,1%,5,Mathematics,,,
xlvii.beer,available,56,2%,5,Mathematics,,,
xxxi.beer,available,56,8%,4,Mathematics,,,
xxxvi.beer,available,56,1%,5,Mathematics,,,
admissive.beer,available,56,1%,9,"Education,Healthcare,Hospitality",,,
xxiv.beer,available,56,5%,4,Mathematics,,,
thirtytwo.beer,available,56,4%,10,Mathematics,,,
accoutered.beer,available,56,0%,10,"Fashion,Manufacturing,Retail",,,
admittible.beer,available,56,1%,10,"Education,Healthcare,Hospitality",,,
ilx.beer,available,56,6%,3,Mathematics,,,
abdominous.beer,available,56,0%,10,"Health and Fitness,Medicine",,,
lii.beer,available,56,7%,3,Mathematics,,,
xlviii.beer,available,56,1%,6,Mathematics,,,
xxxiii.beer,available,56,2%,6,Mathematics,,,
fortyone.beer,available,56,5%,9,Mathematics,,,
fiftynine.beer,available,56,4%,10,Mathematics,,,
addled.beer,available,56,2%,6,Entertainment,,,
fortysix.beer,available,56,4%,9,Mathematics,,,
thirtysix.beer,available,56,5%,10,Mathematics,,,
triad.beer,available,56,15%,5,Arts,,,
xliv.beer,available,56,3%,4,Mathematics,,,
terzetto.beer,available,56,3%,8,Arts,,,
xli.beer,available,56,5%,3,Mathematics,,,
fiftyfour.beer,available,56,4%,10,Mathematics,,,
xlvi.beer,available,56,3%,4,Mathematics,,,
xliii.beer,available,56,1%,5,Mathematics,,,
appressed.beer,available,56,0%,9,"Agriculture,Manufacturing,Retail",,,
xxvii.beer,available,56,3%,5,Mathematics,,,
xxviii.beer,available,56,1%,6,Mathematics,,,
xlv.beer,available,56,6%,3,Mathematics,,,
xxxvii.beer,available,56,2%,6,Mathematics,,,
halfdozen.beer,available,56,1%,10,Mathematics,,,
liii.beer,available,56,4%,4,Mathematics,,,
fortytwo.beer,available,56,17%,9,Mathematics,,,
accentual.beer,available,54,3%,9,"Arts,Entertainment",,,
quadruplet.beer,available,54,1%,10,"Healthcare,Medicine,Science",,,
adaxial.beer,available,54,2%,7,Science,,,
abhorrent.beer,available,54,1%,9,Humanities,,,
scratchy.beer,available,54,3%,8,Fashion,,,
threescore.beer,available,54,2%,10,Mathematics,,,
abatable.beer,available,54,1%,8,Law,,,
achromatic.beer,available,54,4%,10,Science,,,
vii.beer,available,54,13%,3,Mathematics,,,
achy.beer,available,54,3%,4,Healthcare,,,
adducent.beer,available,54,1%,8,"Engineering,Mathematics,Science",,,
abient.beer,available,54,1%,6,Science,,,
topnotch.beer,available,54,18%,8,Business,,,
acoustical.beer,available,54,4%,10,Science,,,
abatic.beer,available,54,1%,6,Science,,,
deuceace.beer,available,54,1%,9,Sports,,,
adjuratory.beer,available,54,0%,10,"Law,Politics,Religion",,,
iii.beer,available,54,24%,3,Mathematics,,,
adducting.beer,available,54,1%,9,"Engineering,Mathematics,Science",,,
quatern.beer,available,54,2%,7,Mathematics,,,
aboral.beer,available,54,2%,6,Science,,,
viii.beer,available,54,6%,4,Mathematics,,,
quintuplet.beer,available,54,1%,10,"Healthcare,Medicine,Science",,,
abaxial.beer,available,54,1%,7,Science,,,
quaternity.beer,available,54,4%,10,Mathematics,,,
unnatural.beer,available,54,4%,9,"Medicine,Science",,,
sise.beer,available,54,5%,4,Mathematics,,,
ternion.beer,available,54,3%,7,Mathematics,,,
fin.beer,available,54,30%,3,Finance,,,
twoscore.beer,available,54,2%,8,Mathematics,,,
admonitory.beer,available,54,0%,10,"Business,Education,Healthcare",,,
abducens.beer,available,54,1%,8,Medicine,,,
fortyfive.beer,available,54,5%,10,Mathematics,,,
quaternion.beer,available,54,6%,10,Mathematics,,,
monitory.beer,available,54,3%,8,"Business,Education,Healthcare",,,
adductive.beer,available,54,0%,9,"Engineering,Mathematics,Science",,,
deserted.beer,available,54,3%,8,"Hospitality,Real Estate",,,
abasic.beer,available,54,1%,6,Science,,,
actuated.beer,available,54,2%,8,"Automotive,Manufacturing,Technology",,,
accursed.beer,available,54,3%,8,"Entertainment,Media,Religion",,,
adpressed.beer,available,54,0%,9,"Agriculture,Manufacturing,Retail",,,
septet.beer,available,53,1%,6,General,,,
sestet.beer,available,53,1%,6,Arts,,,
abstruse.beer,available,52,5%,8,"Humanities,Mathematics,Science",,,
xciv.beer,available,52,2%,4,Mathematics,,,
sixtyfour.beer,available,52,4%,10,Mathematics,,,
eightyone.beer,available,52,3%,10,Mathematics,,,
decumbent.beer,available,52,1%,9,"Healthcare,Medicine,Science",,,
tierce.beer,available,52,3%,6,General,,,
lxi.beer,available,52,5%,3,Mathematics,,,
detestable.beer,available,52,1%,10,Humanities,,,
xcvi.beer,available,52,2%,4,Mathematics,,,
lxxxiii.beer,available,52,1%,7,Mathematics,,,
ixc.beer,available,52,5%,3,Mathematics,,,
ixl.beer,available,52,9%,3,Mathematics,,,
ablated.beer,available,52,1%,7,Science,,,
lxxiv.beer,available,52,1%,5,Mathematics,,,
lxviii.beer,available,52,2%,6,Mathematics,,,
lxiv.beer,available,52,3%,4,Mathematics,,,
littlejoe.beer,available,52,2%,10,"Entertainment,Media",,,
lxxxv.beer,available,52,1%,5,Mathematics,,,
abysmal.beer,available,52,4%,7,"Arts,Entertainment,Media",,,
xcviii.beer,available,52,1%,6,Mathematics,,,
aboulic.beer,available,52,1%,7,Medicine,,,
lxxi.beer,available,52,2%,4,Mathematics,,,
lxxiii.beer,available,52,2%,6,Mathematics,,,
lxxxi.beer,available,52,1%,5,Mathematics,,,
sixtysix.beer,available,52,5%,9,Mathematics,,,
lxxxiv.beer,available,52,1%,6,Mathematics,,,
uphill.beer,available,52,7%,6,"Sports,Transportation,Travel",,,
xciii.beer,available,52,1%,5,Mathematics,,,
abusive.beer,available,52,3%,7,"Healthcare,Law",,,
sixtyfive.beer,available,52,3%,10,Mathematics,,,
lxvi.beer,available,52,3%,4,Mathematics,,,
chagrined.beer,available,52,1%,9,Humanities,,,
adenoidal.beer,available,52,1%,9,"Health and Fitness,Medicine,Science",,,
ninetytwo.beer,available,52,4%,10,Mathematics,,,
lxxxvi.beer,available,52,1%,6,Mathematics,,,
lxxxvii.beer,available,52,1%,7,Mathematics,,,
xcii.beer,available,52,2%,4,Mathematics,,,
lxxvii.beer,available,52,2%,6,Mathematics,,,
ninetysix.beer,available,52,4%,10,Mathematics,,,
abominable.beer,available,52,2%,10,"Entertainment,Humanities",,,
ninetyone.beer,available,52,5%,10,Mathematics,,,
lxxii.beer,available,52,1%,5,Mathematics,,,
xci.beer,available,52,4%,3,Mathematics,,,
lxxvi.beer,available,52,1%,5,Mathematics,,,
lxxv.beer,available,52,2%,4,Mathematics,,,
sixtytwo.beer,available,52,3%,9,Mathematics,,,
eightytwo.beer,available,52,4%,10,Mathematics,,,
lxii.beer,available,52,2%,4,Mathematics,,,
xcvii.beer,available,52,1%,5,Mathematics,,,
lxvii.beer,available,52,1%,5,Mathematics,,,
xcv.beer,available,52,7%,3,Mathematics,,,
lxiii.beer,available,52,2%,5,Mathematics,,,
lxxxii.beer,available,52,1%,6,Mathematics,,,
repugnant.beer,available,52,1%,9,Humanities,,,
odious.beer,available,52,2%,6,"Entertainment,Humanities",,,
repulsive.beer,available,52,1%,9,Humanities,,,
needlelike.beer,available,50,0%,10,"Engineering,Medicine,Science",,,
abbatial.beer,available,50,0%,8,Religion,,,
acquitted.beer,available,50,1%,9,Law,,,
acellular.beer,available,50,1%,9,Science,,,
acerb.beer,available,50,2%,5,Science,,,
acaudal.beer,available,50,1%,7,"Agriculture,Science",,,
lxx.beer,available,50,5%,3,Mathematics,,,
abranchial.beer,available,50,0%,10,Science,,,
abdicable.beer,available,50,0%,9,Law,,,
gillless.beer,available,50,0%,9,Science,,,
quint.beer,available,50,13%,5,"Arts,Entertainment",,,
acetose.beer,available,50,1%,7,Science,,,
scummy.beer,available,50,1%,6,Humanities,,,
aculeated.beer,available,50,0%,9,"Engineering,Medicine,Science",,,
cinque.beer,available,50,7%,6,Mathematics,,,
acapnic.beer,available,50,0%,7,"Healthcare,Medicine,Science",,,
triplet.beer,available,50,8%,7,Science,,,
abactinal.beer,available,50,0%,9,Science,,,
abducting.beer,available,50,0%,9,Medicine,,,
adactylous.beer,available,50,0%,10,Science,,,
acerose.beer,available,50,1%,7,Science,,,
acerbic.beer,available,50,2%,7,"Arts,Humanities,Media",,,
acapnotic.beer,available,50,0%,9,"Healthcare,Medicine,Science",,,
acetous.beer,available,50,1%,7,Science,,,
ogdoad.beer,available,50,1%,6,Mathematics,,,
aborticide.beer,available,50,0%,10,Medicine,,,
trine.beer,available,50,11%,5,"General,Religion",,,
spinous.beer,available,50,1%,7,"Agriculture,Science",,,
abomasal.beer,available,50,0%,8,Agriculture,,,
broached.beer,available,50,0%,8,Food and Beverage,,,
vinegary.beer,available,50,1%,8,Food and Beverage,,,
adhominem.beer,available,50,2%,10,"Humanities,Law,Politics",,,
ilxx.beer,available,48,1%,4,Mathematics,,,
execrable.beer,available,48,0%,9,"Entertainment,Humanities",,,
abyssal.beer,available,48,12%,7,"Arts,Entertainment,Media",,,
ilxxx.beer,available,48,1%,5,Mathematics,,,
lxxxviii.beer,available,48,1%,8,Mathematics,,,
abstracted.beer,available,48,5%,10,"Arts,Humanities,Science",,,
apriori.beer,available,48,13%,8,Mathematics,,,
notguilty.beer,available,48,5%,10,Law,,,
acetylenic.beer,available,46,1%,10,Science,,,
acanthotic.beer,available,46,0%,10,"Agriculture,Science",,,
acapnial.beer,available,46,0%,8,"Healthcare,Medicine,Science",,,
quaternary.beer,available,46,3%,10,Mathematics,,,
acetonic.beer,available,46,1%,8,Science,,,
acanthous.beer,available,46,0%,9,"Agriculture,Science",,,
vinegarish.beer,available,46,1%,10,Food and Beverage,,,
acicular.beer,available,46,2%,8,Science,,,
acetabular.beer,available,46,1%,10,Science,,,
acephalous.beer,available,46,1%,10,Science,,,
achromous.beer,available,46,1%,9,Science,,,
cotyloid.beer,available,46,1%,8,Science,,,
acaudate.beer,available,46,1%,8,"Agriculture,Science",,,
acheronian.beer,available,46,1%,10,Humanities,,,
stemless.beer,available,46,2%,8,"Agriculture,Science",,,
achenial.beer,available,46,1%,8,Science,,,
stripling.beer,available,46,2%,9,"Education,Entertainment,Healthcare",,,
theabsurd.beer,available,46,1%,10,"Arts,Entertainment,Media",,,
acarpous.beer,available,46,0%,8,"Agriculture,Science",,,
acetylic.beer,available,46,1%,8,Science,,,
acanthoid.beer,available,46,1%,9,"Agriculture,Science",,,
acarpelous.beer,available,46,0%,10,"Agriculture,Science",,,
achromic.beer,available,46,2%,8,Science,,,
cotyloidal.beer,available,44,1%,10,Science,,,
accusatory.beer,available,44,1%,10,Law,,,
acherontic.beer,available,44,1%,10,Humanities,,,
phoebe.beer,available,41,14%,6,Science,,,
abscessed.beer,available,41,0%,9,Healthcare,,,
scurrilous.beer,available,40,1%,10,"Entertainment,Media,Politics",,,
accurst.beer,available,40,1%,7,Religion,,,
accusive.beer,available,40,1%,8,Law,,,